Strategy,Scenario,Final Wealth,CAGR,Net Tax Impact,Total Taxes Paid,Total Realized Losses,Tracking Error
Baseline (No Harvesting),Income Withdrawal,29779543.31333804,0.11530025971020885,-2435566.803777414,2789422.62317656,1769279.0969957302,0.05918125371156042
Greedy (No Wash Rule),Income Withdrawal,32570308.20446631,0.12533593380456365,-1387964.900199355,2675905.186958889,6439701.433797669,0.05720518371836394
Greedy (With Wash Rule),Income Withdrawal,25623999.653113633,0.09866348844658335,-4780.926486346871,4511003.51668956,22531112.95101607,0.11424809342061468
Optimized (Tax Aware),Income Withdrawal,25407527.91410452,0.0977317892573315,114138.26500917692,4429064.129312659,22716011.97160918,0.11186077230709239
Baseline (No Harvesting),Charitable Giving,75963882.54379192,0.22478741537136493,-2820545.484820876,3495319.138018731,3373868.2659892756,0.04046434855713286
Greedy (No Wash Rule),Charitable Giving,83256160.10491592,0.2360659346988796,-191642.95787243685,2938405.578755626,13733813.104415944,0.04206795858677855
Greedy (With Wash Rule),Charitable Giving,65831743.790112734,0.20737877211753308,1204340.4764295127,7611871.4080583155,44081059.422439136,0.09831691803695863
Optimized (Tax Aware),Charitable Giving,67911454.65184382,0.21113987621392405,1097579.3712082347,7879908.632317386,44887440.017628096,0.10038720463583484
