Strategy,Scenario,Final Wealth,Total Taxes Paid,Total Realized Losses,Tracking Error
Baseline (No Harvesting),Income Withdrawal,29779543.313338038,2789422.6231765593,1769279.0969957314,0.059181253711560425
Greedy (No Wash Rule),Income Withdrawal,32570308.204466306,2675905.186958889,6439701.433797666,0.05720518371836399
Greedy (With Wash Rule),Income Withdrawal,25184912.68555907,4417664.393805411,22607123.24275584,0.11449876228129255
Optimized (Tax Aware),Income Withdrawal,25700917.877959784,4378182.826602099,22543163.107428342,0.11141425656577102
Baseline (No Harvesting),Charitable Giving,75963882.54379195,3495319.138018731,3373868.265989271,0.040464348557132546
Greedy (No Wash Rule),Charitable Giving,83256160.10491592,2938405.5787556265,13733813.104415942,0.04206795858677864
Greedy (With Wash Rule),Charitable Giving,65623120.57092162,7473340.94824791,43943438.32266558,0.09802170395666088
Optimized (Tax Aware),Charitable Giving,67306636.29136047,7750624.253928708,44748224.90543965,0.10011190559146177
