Strategy,Scenario,Final Wealth,CAGR,Net Tax Impact,Total Taxes Paid,Total Realized Losses,Tracking Error
Baseline (No Harvesting),Income Withdrawal,25962240.386902727,0.10010519787302252,-6235779.817893069,6606725.549611842,1854728.6585938628,0.05918125371156042
Greedy (No Wash Rule),Income Withdrawal,28227764.789139006,0.10934760218783324,-5730324.396115475,7018448.602286214,6440621.0308536915,0.05720518371836394
Greedy (With Wash Rule),Income Withdrawal,25059143.704029616,0.09621722689205803,-564069.3139591897,5075859.465773584,22558950.759071972,0.11424809342061468
Optimized (Tax Aware),Income Withdrawal,24865939.27105187,0.09536910354066985,-420747.9953644024,4970652.772365309,22749523.885004535,0.11186077230709239
Baseline (No Harvesting),Charitable Giving,75963882.54379192,0.22478741537136493,-2820545.484820876,3495319.138018731,3373868.2659892756,0.04046434855713286
Greedy (No Wash Rule),Charitable Giving,83256160.10491592,0.2360659346988796,-191642.95787243685,2938405.578755626,13733813.104415944,0.04206795858677855
Greedy (With Wash Rule),Charitable Giving,65831743.790112734,0.20737877211753308,1204340.4764295127,7611871.4080583155,44081059.422439136,0.09831691803695863
Optimized (Tax Aware),Charitable Giving,67911454.65184382,0.21113987621392405,1097579.3712082347,7879908.632317386,44887440.017628096,0.10038720463583484
